물건,연필
물건,지우개
물건,휴대폰
물건,시계
물건,우산
물건,가방
물건,컵
물건,의자
물건,열쇠
물건,책
직업,의사
직업,경찰
직업,교사
직업,개발자
직업,요리사
직업,기자
직업,디자이너
직업,변호사
직업,소방관
직업,간호사
장소,학교
장소,병원
장소,카페
장소,공원
장소,공항
장소,영화관
장소,편의점
장소,도서관
장소,바다
장소,산
음식,김치찌개
음식,불고기
음식,피자
음식,햄버거
음식,떡볶이
음식,라면
음식,초밥
음식,치킨
음식,파스타
음식,아이스크림
동물,강아지
동물,고양이
동물,사자
동물,호랑이
동물,코끼리
동물,기린
동물,토끼
동물,원숭이
동물,펭귄
동물,돌고래
스포츠,축구
스포츠,야구
스포츠,농구
스포츠,배구
스포츠,테니스
스포츠,수영
스포츠,골프
스포츠,복싱
스포츠,마라톤
스포츠,탁구
속담,개천에서 용 난다
속담,등잔 밑이 어둡다
속담,꿩 먹고 알 먹기
속담,고래 싸움에 새우
속담,말 한마디로
속담,소 잃고 외양간
속담,백문이 불여일견
속담,호랑이 굴에 가야
속담,식은 죽 먹기
속담,하늘의 별 따기
음식재료,소금
음식재료,설탕
음식재료,마늘
음식재료,양파
음식재료,고추
음식재료,간장
음식재료,계란
음식재료,밀가루
음식재료,버터
음식재료,치즈
전자제품,스마트폰
전자제품,노트북
전자제품,태블릿
전자제품,TV
전자제품,냉장고
전자제품,전자레인지
전자제품,에어컨
전자제품,청소기
전자제품,이어폰
전자제품,스피커
가수,아이유
가수,BTS
가수,태연
가수,지드래곤
가수,임영웅
가수,뉴진스
가수,블랙핑크
가수,성시경
가수,싸이
가수,악뮤
의성어의태어,쿵쿵
의성어의태어,반짝
의성어의태어,철썩
의성어의태어,사각사각
의성어의태어,우르르
의성어의태어,깜짝
의성어의태어,살금살금
의성어의태어,부글부글
의성어의태어,와르르
의성어의태어,뽀득
한글자,산
한글자,물
한글자,불
한글자,빛
한글자,꿈
한글자,밥
한글자,길
한글자,달
한글자,손
한글자,별
사자성어,일석이조
사자성어,동문서답
사자성어,자업자득
사자성어,설상가상
사자성어,새옹지마
사자성어,금상첨화
사자성어,과유불급
사자성어,전화위복
사자성어,천생연분
사자성어,우왕좌왕
명대사,너나 잘하세요
명대사,내가 왕이 될 상인가
명대사,어이가 없네
명대사,이 또한 지나가리라
명대사,쏠 수 있어
명대사,사랑은 돌아오는거야
명대사,인생은 실전이야
명대사,연진아 내 꿈은 너야
명대사,사랑에 빠진게 죄는 아니잖아
명대사,밥 먹을래 나랑 같이 죽을래
의류악세사리,티셔츠
의류악세사리,청바지
의류악세사리,후드티
의류악세사리,코트
의류악세사리,원피스
의류악세사리,운동화
의류악세사리,구두
의류악세사리,모자
의류악세사리,목걸이
의류악세사리,반지
국내영화,기생충
국내영화,범죄도시
국내영화,신세계
국내영화,올드보이
국내영화,극한직업
국내영화,부산행
국내영화,아가씨
국내영화,명량
국내영화,택시운전사
국내영화,내부자들
해외영화,타이타닉
해외영화,아바타
해외영화,인셉션
해외영화,인터스텔라
해외영화,어벤져스
해외영화,해리포터
해외영화,라라랜드
해외영화,조커
해외영화,매트릭스
해외영화,반지의제왕
한국드라마,도깨비
한국드라마,응답하라1988
한국드라마,미스터선샤인
한국드라마,시그널
한국드라마,사랑의불시착
한국드라마,이태원클라쓰
한국드라마,더글로리
한국드라마,펜트하우스
한국드라마,슬기로운의사생활
한국드라마,눈물의여왕
00년대인기곡,거짓말
00년대인기곡,하루하루
00년대인기곡,소주 한 잔
00년대인기곡,벌써 일년
00년대인기곡,애상
00년대인기곡,미안해요
00년대인기곡,보고싶다
00년대인기곡,길
00년대인기곡,기억을 걷는 시간
00년대인기곡,다시 만난 세계
10년대인기곡,강남스타일
10년대인기곡,벚꽃엔딩
10년대인기곡,눈코입
10년대인기곡,으르렁
10년대인기곡,팔레트
10년대인기곡,사랑을 했다
10년대인기곡,TT
10년대인기곡,뱅뱅뱅
10년대인기곡,좋니
10년대인기곡,DNA
20년대인기곡,Dynamite
20년대인기곡,Hype Boy
20년대인기곡,Attention
20년대인기곡,Love Dive
20년대인기곡,Ditto
20년대인기곡,After LIKE
20년대인기곡,사건의지평선
20년대인기곡,TOMBOY
20년대인기곡,Queencard
20년대인기곡,Super Shy
탈것,자동차
탈것,버스
탈것,지하철
탈것,택시
탈것,오토바이
탈것,자전거
탈것,기차
탈것,비행기
탈것,배
탈것,킥보드
배우,송강호
배우,이병헌
배우,전지현
배우,김혜수
배우,황정민
배우,공유
배우,현빈
배우,손예진
배우,마동석
배우,김태리
국가,대한민국
국가,미국
국가,일본
국가,중국
국가,프랑스
국가,영국
국가,독일
국가,이탈리아
국가,캐나다
국가,호주
교과서인물,세종대왕
교과서인물,이순신
교과서인물,김구
교과서인물,안중근
교과서인물,유관순
교과서인물,정약용
교과서인물,장영실
교과서인물,신사임당
교과서인물,윤봉길
교과서인물,박지원
